dataset_id,source,px_accession,in_pride_list,source_url
MSV000098596,massive,PXD035768,True,https://massive.ucsd.edu/ProteoSAFe/dataset.jsp?accession=MSV000098596
MSV000086385,massive,PXD014083,True,https://massive.ucsd.edu/ProteoSAFe/dataset.jsp?accession=MSV000086385
MSV000098334,massive,PXD010899,True,https://massive.ucsd.edu/ProteoSAFe/dataset.jsp?accession=MSV000098334
MSV000083000,massive,PXD006291,True,https://massive.ucsd.edu/ProteoSAFe/dataset.jsp?accession=MSV000083000
MSV000080693,massive,PXD002391,True,https://massive.ucsd.edu/ProteoSAFe/dataset.jsp?accession=MSV000080693
MSV000083950,massive,PXD000754,True,https://massive.ucsd.edu/ProteoSAFe/dataset.jsp?accession=MSV000083950
MSV000080264,massive,PXD003298,False,https://massive.ucsd.edu/ProteoSAFe/dataset.jsp?accession=MSV000080264
MSV000082822,massive,PXD010789,False,https://massive.ucsd.edu/ProteoSAFe/dataset.jsp?accession=MSV000082822
MSV000084274,massive,PXD015321,False,https://massive.ucsd.edu/ProteoSAFe/dataset.jsp?accession=MSV000084274
MSV000085301,massive,PXD018618,False,https://massive.ucsd.edu/ProteoSAFe/dataset.jsp?accession=MSV000085301
MSV000086177,massive,PXD021569,False,https://massive.ucsd.edu/ProteoSAFe/dataset.jsp?accession=MSV000086177
MSV000087589,massive,PXD026572,False,https://massive.ucsd.edu/ProteoSAFe/dataset.jsp?accession=MSV000087589
MSV000088805,massive,PXD031744,False,https://massive.ucsd.edu/ProteoSAFe/dataset.jsp?accession=MSV000088805
MSV000091415,massive,PXD040624,False,https://massive.ucsd.edu/ProteoSAFe/dataset.jsp?accession=MSV000091415
MSV000093512,massive,PXD047286,False,https://massive.ucsd.edu/ProteoSAFe/dataset.jsp?accession=MSV000093512
MSV000093683,massive,PXD047909,False,https://massive.ucsd.edu/ProteoSAFe/dataset.jsp?accession=MSV000093683
MSV000095456,massive,PXD054289,False,https://massive.ucsd.edu/ProteoSAFe/dataset.jsp?accession=MSV000095456
MSV000095571,massive,PXD054775,False,https://massive.ucsd.edu/ProteoSAFe/dataset.jsp?accession=MSV000095571
MSV000096320,massive,PXD057583,False,https://massive.ucsd.edu/ProteoSAFe/dataset.jsp?accession=MSV000096320
MSV000097626,massive,PXD062950,False,https://massive.ucsd.edu/ProteoSAFe/dataset.jsp?accession=MSV000097626
MSV000097887,massive,PXD063922,False,https://massive.ucsd.edu/ProteoSAFe/dataset.jsp?accession=MSV000097887
MSV000098968,massive,PXD067851,False,https://massive.ucsd.edu/ProteoSAFe/dataset.jsp?accession=MSV000098968
MSV000100811,massive,PXD074359,False,https://massive.ucsd.edu/ProteoSAFe/dataset.jsp?accession=MSV000100811
MSV000100991,massive,PXD074968,False,https://massive.ucsd.edu/ProteoSAFe/dataset.jsp?accession=MSV000100991
MSV000081999,massive,,False,https://massive.ucsd.edu/ProteoSAFe/dataset.jsp?accession=MSV000081999
MSV000082000,massive,,False,https://massive.ucsd.edu/ProteoSAFe/dataset.jsp?accession=MSV000082000
MSV000082005,massive,,False,https://massive.ucsd.edu/ProteoSAFe/dataset.jsp?accession=MSV000082005
MSV000082793,massive,,False,https://massive.ucsd.edu/ProteoSAFe/dataset.jsp?accession=MSV000082793
MSV000082849,massive,,False,https://massive.ucsd.edu/ProteoSAFe/dataset.jsp?accession=MSV000082849
MSV000082860,massive,,False,https://massive.ucsd.edu/ProteoSAFe/dataset.jsp?accession=MSV000082860
MSV000083135,massive,,False,https://massive.ucsd.edu/ProteoSAFe/dataset.jsp?accession=MSV000083135
MSV000083199,massive,,False,https://massive.ucsd.edu/ProteoSAFe/dataset.jsp?accession=MSV000083199
MSV000083229,massive,,False,https://massive.ucsd.edu/ProteoSAFe/dataset.jsp?accession=MSV000083229
MSV000083743,massive,,False,https://massive.ucsd.edu/ProteoSAFe/dataset.jsp?accession=MSV000083743
MSV000084533,massive,,False,https://massive.ucsd.edu/ProteoSAFe/dataset.jsp?accession=MSV000084533
MSV000084677,massive,,False,https://massive.ucsd.edu/ProteoSAFe/dataset.jsp?accession=MSV000084677
MSV000085274,massive,,False,https://massive.ucsd.edu/ProteoSAFe/dataset.jsp?accession=MSV000085274
MSV000085635,massive,,False,https://massive.ucsd.edu/ProteoSAFe/dataset.jsp?accession=MSV000085635
MSV000085713,massive,,False,https://massive.ucsd.edu/ProteoSAFe/dataset.jsp?accession=MSV000085713
MSV000085751,massive,,False,https://massive.ucsd.edu/ProteoSAFe/dataset.jsp?accession=MSV000085751
MSV000085995,massive,,False,https://massive.ucsd.edu/ProteoSAFe/dataset.jsp?accession=MSV000085995
MSV000086600,massive,,False,https://massive.ucsd.edu/ProteoSAFe/dataset.jsp?accession=MSV000086600
MSV000086888,massive,,False,https://massive.ucsd.edu/ProteoSAFe/dataset.jsp?accession=MSV000086888
MSV000086931,massive,,False,https://massive.ucsd.edu/ProteoSAFe/dataset.jsp?accession=MSV000086931
MSV000086970,massive,,False,https://massive.ucsd.edu/ProteoSAFe/dataset.jsp?accession=MSV000086970
MSV000087870,massive,,False,https://massive.ucsd.edu/ProteoSAFe/dataset.jsp?accession=MSV000087870
MSV000088572,massive,,False,https://massive.ucsd.edu/ProteoSAFe/dataset.jsp?accession=MSV000088572
MSV000088677,massive,,False,https://massive.ucsd.edu/ProteoSAFe/dataset.jsp?accession=MSV000088677
MSV000089080,massive,,False,https://massive.ucsd.edu/ProteoSAFe/dataset.jsp?accession=MSV000089080
MSV000089260,massive,,False,https://massive.ucsd.edu/ProteoSAFe/dataset.jsp?accession=MSV000089260
MSV000090655,massive,,False,https://massive.ucsd.edu/ProteoSAFe/dataset.jsp?accession=MSV000090655
MSV000090663,massive,,False,https://massive.ucsd.edu/ProteoSAFe/dataset.jsp?accession=MSV000090663
MSV000090720,massive,,False,https://massive.ucsd.edu/ProteoSAFe/dataset.jsp?accession=MSV000090720
MSV000092118,massive,,False,https://massive.ucsd.edu/ProteoSAFe/dataset.jsp?accession=MSV000092118
MSV000092346,massive,,False,https://massive.ucsd.edu/ProteoSAFe/dataset.jsp?accession=MSV000092346
MSV000092349,massive,,False,https://massive.ucsd.edu/ProteoSAFe/dataset.jsp?accession=MSV000092349
MSV000092388,massive,,False,https://massive.ucsd.edu/ProteoSAFe/dataset.jsp?accession=MSV000092388
MSV000093600,massive,,False,https://massive.ucsd.edu/ProteoSAFe/dataset.jsp?accession=MSV000093600
MSV000094508,massive,,False,https://massive.ucsd.edu/ProteoSAFe/dataset.jsp?accession=MSV000094508
MSV000094962,massive,,False,https://massive.ucsd.edu/ProteoSAFe/dataset.jsp?accession=MSV000094962
MSV000096079,massive,,False,https://massive.ucsd.edu/ProteoSAFe/dataset.jsp?accession=MSV000096079
MSV000098815,massive,,False,https://massive.ucsd.edu/ProteoSAFe/dataset.jsp?accession=MSV000098815
MSV000100002,massive,,False,https://massive.ucsd.edu/ProteoSAFe/dataset.jsp?accession=MSV000100002
MSV000100642,massive,,False,https://massive.ucsd.edu/ProteoSAFe/dataset.jsp?accession=MSV000100642
MSV000100667,massive,,False,https://massive.ucsd.edu/ProteoSAFe/dataset.jsp?accession=MSV000100667
MSV000100994,massive,,False,https://massive.ucsd.edu/ProteoSAFe/dataset.jsp?accession=MSV000100994
