"Org_canonical","lat","long"
"Douglas Mental Health University Institute",45.4425535,-73.5857211
"Naval Medical University",31.3075202,121.5230816
"Cornell University",42.452916,-76.4800635
"University of Missouri-Columbia",38.9364147,-92.329703
"Amsterdam Umc",52.334632,4.8599107
"Lbai Umr1227",NA,NA
"Shanghai Jiao Tong University",31.2008911,121.4283949
"Guangzhou Laboratory",23.0411578,113.361584
"Hangzhou First People s Hospital",30.2572121,120.1620189
"Michigan Medicine",42.3540954,-83.055729
"Anhui Agricultural University",31.8648767,117.2507188
"Fujian Medical University",26.0735723,119.1822803
"Xiamen University",24.4399419,118.0930178
"University of Kansas Medical Center",39.0571097,-94.6095438
"Iowa State University",42.0279608,-93.6447375
"Kyoto University",35.0270467,135.7814382
"Research Institute of Fundamental and Clinical Immunology Rifci",NA,NA
"Tufts Medical Center",42.3496554,-71.0638505
"Sunnybrook Research Institute",NA,NA
"Southern Medical University",23.1899352,113.3296269
"University of Texas Medical Branch",29.3120184,-94.7762733
"University of Tsukuba",36.1070526,140.1006602
"Unm School of Medicine",35.0902152,-106.6182043
"Tohoku University",38.2603546,140.8515893
"Canadian Centre for Computational Genomics C3g",NA,NA
"Yale University",41.2571306,-72.9896696
"Boston Children s Hospital",42.3371715,-71.1056791
"Universidad De Antioquia",6.2679795,-75.5687589
"University of Washington",47.6554303,-122.3001692
"University of Manchester",53.4660226,-2.2330858
"University of Sao Paulo",-23.561048,-46.7252264
"University of Virginia",38.0410576,-78.5055084
"Pomeranian Medical University in Szczecin",53.423058,14.5544014
"Icahn School of Medicine at Mount Sinai",40.789793,-73.9532536
"University of British Columbia",49.2578915,-123.2429755
"Yangzhou University",32.344177,119.3946863
"Inrs",48.8603938,2.3717011
"Blizard Institute",51.5170857,-0.0577259
"University of Pennsylvania",39.9522148,-75.1955729
"University of California San Diego",32.8792438,-117.2311247
"University of Texas at Austin",30.2851494,-97.7339352
"University of Colorado Anschutz Med",NA,NA
"International Peace Maternity and Child Health Hospital",NA,NA
"Xiangyang Central Hospital",32.0598067,112.1459999
"Zunyi Medical University",27.7098965,106.9412934
"Zhejiang University",30.521595,120.7195312
"Jilin University",43.913821,125.2611182
"Linyi People s Hospital",NA,NA
"Weill Cornell Medicine",40.767009,-73.9547002
"National Institutes of Health",39.0000143,-77.1040039
"Anhui Women and Children s Medical Center",NA,NA
"The Affiliated Hospital of Qingdao University",NA,NA
"University of Albany Suny",NA,NA
"Medical University of Vienna",NA,NA
"University of California Los Angeles",34.0708777,-118.4468503
"Nagoya University",35.1533087,136.9677806
"Rutgers New Jersey Medical School",NA,NA
"Fudan University",31.3011748,121.4974703
"Grafton",43.9702453,-71.8742626
"Keio University",35.5538164,139.6414098
"Korea Institute of Science and Technology Information",36.3647718,127.3594915
"KAIST",36.3703054,127.3620118
"Centre for Genomic Regulation",41.3852737,2.1945941
"Baylor College of Medicine",29.7105439,-95.3958079
"Zhengzhou University",34.8214567,113.5297412
"Flinders University",-35.0248752,138.5734181
"University of Debrecen",47.5539501,21.6215676
"Utrecht University",52.0942343,5.1211881
"Hse University",33.976192,71.5112263
"USDA-ARS",42.045432,-93.5758741
"National Institute of Environmental Health Sciences",NA,NA
"The University of Hong Kong",22.2828768,114.1378586
"University of Helsinki",60.2267221,25.01767
"Kumamoto University",32.8164178,130.7270397
"Peking University",40.1750746,116.1593872
"University of Pittsburgh",40.444153,-79.962461
"Gyeongsang National University Changwon Hospital",NA,NA
"University of Illinois Chicago College of Medicine",NA,NA
"Shengjing Hospital of China Medical University",41.7716892,123.4215018
"Uchc",31.6286906,-90.7548382
"Wayne State University School of Medicine",NA,NA
"University of California San Francisco",37.7627257,-122.4582568
"University of Minnesota",44.9863418,-93.1794451
"University of Technology Sydney",-33.8832536,151.2003294
"Mayo Clinic",-26.1505617,27.9197318
"Lumc",52.1666076,4.4770577
"Chinese Academy of Sciences",39.9093367,116.3297146
"Saga University",33.2421927,130.2906509
"Duke University",36.0001557,-78.9442297
"McGill University Health Centre",45.4731036,-73.6031079
"Max Planck Institute of Immunobiology and Epigenetics",NA,NA
"Mount Sinai Hospital",43.6574502,-79.3903211
"University of Iowa",41.6311024,-91.540752
"University of Cambridge",52.1890916,0.1212977
"University of Leeds",53.8065718,-1.5557853
"Massachusetts Institute of Technology",42.3582529,-71.0966272
"Hudson Institute of Medical Research",NA,NA
"Renmin Hospital of Wuhan",30.5377763,114.2938989
"Children s Mercy",33.2857828,-111.7473855
"Shenzhen Institutes of Advanced Technology, Chinese Academy of Sciences",NA,NA
"University of Oxford",33.6505419,-117.8270531
"Simon Fraser University",49.2767096,-122.917803
"The Third Affiliated Hospital of Guangzhou Medical University",23.1205707,113.2288682
"Nanjing University",32.0565957,118.7740883
"Nanjing Agricultural University",NA,NA
"The First Hospital of Jilin University",NA,NA
"University of Oulu",65.0593277,25.4673577
"Chongqing Medical University",29.5353583,106.5049974
"Shandong University",36.3688546,120.6737612
"Max Delbrück Center for Molecular Medicine",52.5262587,13.3853765
"Aphp",48.8054084,2.3924856
"University of Alberta",53.52682,-113.5244937
"University of Florida",29.6411884,-82.3562296
"Guangxi Academy of Medical Sciences",NA,NA
"University of Western Ontario",43.0054234,-81.274801
"Seattle Children s Research Institute",47.61689,-122.3340287
"National Cancer Institute",45.475,9.231368
"Charles University",50.0888947,14.4162757
"Wuxi Maternity and Child Health Care Hospital",NA,NA
"University of North Carolina at Chapel Hill",35.9050354,-79.0477533
"Wake Forest School of Medicine",36.0905029,-80.2665306
"Cedars-Sinai Medical Center",34.0751604,-118.3810936
"University of Wisconsin-Madison",43.0802745,-89.4309587
"University of Maryland School of Medicine",NA,NA
"Newcastle University",54.9801751,-1.6146802
"Rollins School of Public Health at Emory University",NA,NA
"San Diego State University",32.7761529,-117.0733037
"Nanjing University of Chinese Medicine",32.1030022,118.9388674
"ENCODE DCC",NA,NA
"The University of Tokyo",35.9019845,139.9362283
"Nanjing Women and Children s Healthcare Hospital",NA,NA
"Guangxi Medical University",22.8001367,108.3472296
"University of Arkansas for Medical Sciences",34.748041,-92.3223096
"Jining Medical University",NA,NA
"Forevergen",NA,NA
"University of Adelaide",-34.9189226,138.6042367
"Inonu University",38.3277902,38.4361843
"University of Michigan",42.2942142,-83.7100389
"Tongji University",31.2847393,121.4969491
"Yichang Central People s Hospital",NA,NA
"German Cancer Research Center",NA,NA
"Tufts University",42.4064499,-71.1180771
"Technical University of Munich",48.2654976,11.6692249
"Taipei Medical University",25.0252486,121.5614621
"Oklahoma State University",36.1313523,-97.0890651
"University of Lethbridge",49.6744567,-112.8606051
"McGill University",45.4318428,-73.9452864
"Institute of Genetics and Animal Breeding of the Polish Academy of Sciences",NA,NA
"Encell Co Ltd",NA,NA
"Tsinghua University",40.0022905,116.320963
"Morehouse School of Medicine",33.742984,-84.4120247
"Children s National Hospital",38.927021,-77.0139788
"University of Toronto",43.6634681,-79.3968165
"The University of Queensland Diamantina Institute",NA,NA
"Technion",23.4125696,116.636155
"Swansea University",51.6189634,-3.8841088
"Bordeaux Hospital University",NA,NA
"Syracuse University",43.0171129,-76.1185536
"Placental Research Group Llc",NA,NA
"University of Colorado Anschutz Medical Campus",39.7446494,-104.8386619
"University of New Mexico Health Sciences Center",NA,NA
"Massachusetts General Hospital",42.3628605,-71.068753
"Washington University in St. Louis",38.6472402,-90.3084017
"Md Anderson Cancer Center",29.7076703,-95.3978436
"Nipd",35.1656644,33.3250835
"North Carolina State University",35.7718497,-78.674087
"Celularity",NA,NA
"Ades Efs Cnrs",NA,NA
"Immunity",44.3702867,-72.8572908
"University of Miami Miller School of Medicine",NA,NA
"Oregon Health and Science University",NA,NA
"Children s Hospital of Philadelphia",39.9476976,-75.1949802
"Instituto Nacional De Medicina Genomica Inmegen",NA,NA
"University of Vienna",48.2131278,16.3606855
"Harbin Institute of Technology",45.741589,126.6255626
"Karolinska Institutet",59.3515453,18.0310658
"Universite De Montreal",45.5047577,-73.6145418
"University of Copenhagen",55.6801502,12.572327
"University of Southern California",34.021869,-118.2858579
"Carleton University",45.3858581,-75.6950041
"University of the Philippines Manila",14.5759437,120.9864733
"Tokyo University of Science",35.9183873,139.9084751
"University of Wisconsin",44.5328424,-87.9198844
"Ningbo First Hospital",29.8699867,121.5427313
"Medical College of Wisconsin",43.0438671,-88.0224532
"International Peace Maternity and Child Health Hospital Ipmch",NA,NA
"Cincinnati Children's Hospital Medical Center",39.1408304,-84.5023891
"Dokkyo Medical University",35.8625058,139.8580974
"Washington State University",46.7337716,-117.1498035
"Women and Infants Hospital of Rhode Island",NA,NA
"Shanghaitech University",31.1794305,121.5902345
"Mcmaster University",43.2639397,-79.9178252
"Fujian Provincial Maternity and Children s Hospital",NA,NA
"Maastricht University Medical Centre Mumc",NA,NA
"Tampere University",61.4947284,23.7776925
"The First Affiliated Hospital of Guangxi Medical University",NA,NA
"UT Southwestern Medical Center",32.812043,-96.8417201
"De Duve Institute",NA,NA
"University of Melbourne",-37.8241371,144.9170886
"Anhui Medical University School of Public Health",NA,NA
"Cardiff University",51.5067253,-3.1894874
"Rouen University",49.3849168,1.0720751
"Western University",43.0054234,-81.274801
"Texas a m University",30.6108618,-96.3520606
"The Babraham Institute",NA,NA
"The Hebrew University",39.1379046,-84.5209528
"Children s Mercy Hospital",39.0835794,-94.5768784
"Follicle Biology Lab Vub",NA,NA
"Wayne State University",42.3571895,-83.0709436
"Institute of Hematology Blood Disease Hospital Chinese Academy of Medical Sciences",NA,NA
"Sun Yat-Sen University",23.0996034,113.2923509
"Loke Centre for Trophoblast Research",NA,NA
"Fujian Maternity and Child Health Hospital",NA,NA
"Stowers Institute for Medical Research",39.0369194,-94.5748553
"Bohao",44.8312966,11.6138546
"Seattle Children s Research Institute",47.61689,-122.3340287
"University of Queensland",-27.4981423,153.0111536
"Korea University",36.6108894,127.2934174
"Rutgers Nj Medical School",NA,NA
"National Research Institute for Child Health and Development",NA,NA
"University of South Florida",28.0599999,-82.4138362
"Hunan University of Chinese Medicine",NA,NA
"University of British Columbia Bc Children s Hospital Research Institute",NA,NA
"University of Calgary",51.075054,-114.138805
"Nankai University",38.9869388,117.33941
"Max Planck Institute for Molecular Genetics",52.4446554,13.2729039
"John Moran Eye Center",40.7697479,-111.8378178
"Monash University",-37.7839745,144.9586743
"Affiliated Obstetrics and Gynecology Hospital of Fudan University",NA,NA
"Irset U1085",48.1169082,-1.7006315
"Friedrich Schiller University Jena",NA,NA
"Huazhong University of Science and Technology",30.5202172,114.4118463
"Université Catholique De Louvain",50.8212043,4.3495585
"University of Sheffield",53.3729622,-1.5059315
"Erasmus Medical Center",NA,NA
"Huazhong Agricultural University",30.4739905,114.348398
"Weizmann Institute of Science",31.9078499,34.8133409
"Wenzhou Medical University",28.0120905,120.6690854
"National Chung Cheng University",23.5629482,120.4751218
"Michigan State University",42.7023794,-84.4803869
"Unicamp",-22.822656,-47.0627959
"Orebro University",59.2539921,15.2487679
"Rutgers",40.5204169,-74.4645303
"Singapore Institute for Clinical Sciences",NA,NA
"University of Tehran",35.704584,51.394761
"Institute of Animal Reproduction and Food Research Polish Academy of Sciences",NA,NA
"Fukui Prefectural University",36.1098332,136.2775274
"The Francis Crick Institute",51.5315299,-0.1287829
"INRAE",43.5272308,1.5010601
"IMBA - Institute of Molecular Biotechnology",NA,NA
"Corteva Agriscience",41.670489,-93.715464
"Hebrew University",31.7729398,35.197995
"Chiba University",35.6274364,140.1033825
"Hebrew University of Jerusalem",31.7918555,35.244723
"Hokkaido University",43.0795634,141.3373222
"Nanjing Medical University",31.985805,118.703046
"China Medical University",41.7899463,123.4063953
"Riken",47.2760208,7.8491956
"Rice University",29.7167915,-95.4047811
"Genentech",38.3901767,-121.9482113
"Nyu Langone Health",40.7434467,-73.9722189
"Harvard University",42.3657432,-71.1222139
"University of California Davis",38.5337904,-121.7907544
"Jinan Maternal and Child Health Care Hospital",NA,NA
"Shengjing Hospital of China Medical",NA,NA
"Ming Chuan University",25.0879527,121.5269867
"6230520670021983471",NA,NA
"Central South University",28.1578368,112.9322974
"Van Andel Institute",42.9696681,-85.6671267
"Olivia Newton John Cancer Research Institute",NA,NA
"Third Affiliated Hospital of Zhengzhou University",NA,NA
"Max Planck Institute for Molecular Biomedicine",51.9669513,7.5930404
"Qinghai University",36.728569,101.7474125
"Cold Spring Harbor Laboratory",40.8623522,-73.4699926
"University of Massachusetts Medical School",NA,NA
"Yonsei University",37.5599641,126.9354036
"Emory University",33.8004547,-84.3172378
"The Ohio State University",40.0056982,-83.0286573
"Pennington Biomedical Research Center",30.3991852,-91.1212675
"Shenzhen Second People s Hospital",22.5597919,114.0805729
"Chiba Cancer Center",35.5814487,140.1617369
"Bc Cancer Research Centre",49.262587,-123.119351
"Changzhou Maternal and Child Health Care Hospital",NA,NA
"Josep Carreras Research Institute",NA,NA
"Epfl",46.5186594,6.5665615
"South China Agricultural University",23.1612069,113.3481027
"Inserm Umrs 1139",NA,NA
"Cerevance Ltd",NA,NA
"Nippon Medical School",35.721526,139.75918
"University of Science and Technology of China",31.8403891,117.2501941
"Medical University of Graz",47.080878,15.4692124
"Hannover Medical School",52.2734144,10.5253983
"University of California Riverside",33.9642576,-117.3398097
"Second Military Medical University",31.3075202,121.5230816
"Northwestern University",42.0557157,-87.6752945
"Stanford University",37.4313138,-122.1693654
"CeMM Research Center for Molecular Medicine of the Austrian Academy of Sciences",NA,NA
"Vilnius University",54.6828203,25.2878334
"Ivi Foundation",NA,NA
"Colorado State University",40.5706567,-105.0853995
"The University of Memphis",35.1189387,-89.9372196
"Stowers Institute",39.0369194,-94.5748553
"Hku",22.2839758,114.1355067
"Sichuan Agricultural University",30.7094122,103.8596615
"Instituto Nacional De Enfermedades Respiratorias",19.2912932,-99.1586183
"Altos Labs",NA,NA
"Johns Hopkins University",39.3302023,-76.6218536
"Humc",31.849618,-81.5966511
"Brc Riken",NA,NA
"Foshan Institute of Fetal Medicine Southern Medical University Afliated Maternal Child Health Hospital of Foshan",NA,NA
"Center for Reproductive Medicine Third Affiliated Hospital of Guangzhou Medical University",NA,NA
"Leibniz Institute for Farm Animal Biology",NA,NA
"Shanghai Institute of Planned Parenthood Research",NA,NA
"Research Centre for Natural Sciences",NA,NA
"The Competence Centre on Health Technologies",NA,NA
"Institute of Genetics and Biophysics a Buzzati Traverso Igb Abt",NA,NA
"Singapore Immunology Network Sign",1.3019927,103.7937682
"University of Georgia",33.9404278,-83.3730682
"University of Mississippi Medical Center",32.3309299,-90.1723002
"The Hebrew University of Jerusalem",NA,NA
"Riken Bioresource Research Center",NA,NA
"The University of Auckland",-36.8660955,174.7737331
"Institut d Investigacio Biomedica De Bellvitge Idibell",NA,NA
"Yangtze University",29.7523963,107.2586772
"Duke Nus Medical School",1.2810701,103.8341581
"Eth Zurich University of Zurich",NA,NA
"Hadassah Hebrew University Medical Center",NA,NA
"Hasselt University",50.9255585,5.3910826
"National University Health System Singapore",1.2919857,103.7837376
"The University of Texas Md Anderson Cancer Center",NA,NA
"Tokyo Medical University",35.7595187,139.7145748
"Signature Science Llc",NA,NA
"Rutgers Rwjms",NA,NA
"Texas Tech University Hsc",NA,NA
"Ariel University",32.1038928,35.2092418
"University of Kentucky",38.0266291,-84.5047222
"Beijing Jishuitan Hospital",40.0852546,116.3159765
"Women and Infants Hospital",32.3275165,-90.1740929
"Cell Therapy Center",41.7363619,44.7379602
"The Hebrew University Faculty of Medicine Jerusalem Israel",NA,NA
"Vanderbilt University Medical Center",36.1409238,-86.8016342
"Universidad De Chile",-33.443867,-70.6506654
"Department of Obstetrics the Women s Hospital School of Medicine Zhejiang University",NA,NA
"Max Planck Institute of Psychiatry",48.1738503,11.5764482
"Placenta",32.1138135,-110.7246039
"Capital Medical University",39.8633289,116.3469177
"Ingebi Conicet",NA,NA
"National Institute of Child Health and Human Development",NA,NA
"Cancer Hospital",22.5267338,88.3884232
"Nyu Grossman School of Medicine",NA,NA
"Helmholtz Center Munich",NA,NA
"National and Kapodistrian University of Athens",37.970038,23.7652367
"University of Warwick",52.3813073,-1.5639569
"Osaka University",34.5111993,135.631448
"University of Freiburg Medical Center",NA,NA
"University of West London",51.512192,-0.30951
"University of Illinois Urbana-Champaign",40.0761545,-88.2233134
"University of Texas Health Science Center San Antonio",NA,NA
"Third Affiliated Hospital of Guangzhou Medical University",NA,NA
"Shanghai Jiayin Biological Technology Co Ltd",NA,NA
"University of Wuerzburg",NA,NA
"Brigham and Women's Hospital",42.3356457,-71.1060376
"University of Illinois Urbana-Champaign",40.0761545,-88.2233134
"Uconn Health",41.7334455,-72.7923453
"University of Illinois",40.0761545,-88.2233134
"Cincinnati Children's Hospital Medical Center",39.1408304,-84.5023891
"Institut Curie Psl Research University",NA,NA
"Shizuoka University",34.965771,138.429058
"Institute for Bioinformatics and Medical Informatics",NA,NA
"Telethon Kids Institute",-31.9451118,115.836394
"Consejo Superior De Investigaciones Cientificas Universidad De Salamanca",NA,NA
"Tokyo Medical and Dental University",35.7015151,139.7642375
"Capital Institute of Pediatrics",39.9136723,116.4334931
"Okayama University of Science",34.6965751,133.9288111
"University of Western Australia",-31.950652,115.7978755
"Beth Israel Deaconess Medical Center",42.2474581,-71.0029673
"University of Hawaii at Manoa",21.2982795,-157.8186932
"Morgridge Institute for Research",NA,NA
"Signal Biology Inc",NA,NA
"Magee Womens Research Institute",40.4367689,-79.9631477
"Beaumont Research Institute",NA,NA
"University of Otago",-45.8649793,170.5146149
"Institut d'Investigació Biomèdica De Bellvitge (IDIBELL)",NA,NA
"Institute of Pathology",54.5947163,-5.9515736
"Institute of Embryo Fetal Original Adult Disease Affiliated to Shanghai Jiao Tong University School of Medicine",NA,NA
"Lianyungang Maternal and Child Health Hospital",NA,NA
"Faculty of Pharmacy Ain Shams University",NA,NA
"State Key Laboratory of Food Science and Technology",NA,NA
"LSU Health New Orleans",NA,NA
"Guangdong Women and Children Hospital",23.1264278,113.2490256
"The Chinese University of Hong Kong",22.4201838,114.2079145
"Huazhong Agricultural University",30.4739905,114.348398
"McMaster University",43.2639397,-79.9178252
"Universidad Nacional Autonoma De Mexico",19.321597,-99.1849259
"Institut Pasteur",14.6561847,-17.4350339
"Max Planck Institute for Evolutionary Anthropology",51.3210313,12.394923
"Istituto Superiore Di Sanita",41.9052265,12.5202191
"Universidad Politecnica Valencia",39.4808517,-0.3420311
"Louisiana State University",30.4062005,-91.1854129
"University of Tartu",58.381014,26.7195598
"Yamanashi University",35.678521,138.572316
"Fivi",35.1432194,33.367653
"LSU Health Shreveport",32.4805963,-93.7608949
"INRA",34.2968712,-6.4829435
"Cnrs",48.8475401,2.2640299
"Freiburg University Medical Center",48.0070218,7.837321
"Texas Biomedical Research Institute",29.4376942,-98.6382108
"Biochainbj",NA,NA
"u of Ms Medical Center",13.5150729,123.3027221
"St John s University",25.2270701,121.4497135
"Queensland Institute of Medical Research",NA,NA
"Mrc Human Genetics Unit",55.9622892,-3.2323409
"Centro Di Riferimento Oncologico",43.5487407,10.326818
"Ispbl Faculte De Pharmacie De Lyon",NA,NA
"all India Institute of Medical Sciences",28.5645425,77.2099653
"Uk Ulm",52.3711764,-1.7993067
"University of Colorado Boulder",40.0070061,-105.2664423
"National Institute of Neurological Disorders and Stroke",NA,NA
"Eulji University",36.3549067,127.3819725
"Kansas State University",39.2086412,-96.5884966
"Weizmann Institute of Science",31.9078499,34.8133409
"Murdoch Children s Research Institute",-37.7934273,144.9489205
"University of Bonn",50.7338124,7.1022465
"Murdoch University",-32.0674157,115.8346086
"University of Kansas Medical Center",39.0571097,-94.6095438
"Temple University School of Medicine",40.0069834,-75.152203
"INSERM",45.7442613,4.8765302
"Queensland Centre for Medical Genomics",NA,NA
"University of Edinburgh",55.9440765,-3.1883736
"Universitätsklinikum Jena",50.928651,11.5798407
"Agilent Technologies",53.3808609,-2.2225124
"Nationwide Children's Hospital",39.9520639,-82.9790074
"Columbia University",40.8077507,-73.9624901
"Institute of Hematology and Transfusion",21.0246551,105.7883765
"National Institute for Public Health and the Environment",52.1186518,5.1890807
"Uito",38.8061296,-0.4360682
"The Hospital for Sick Children",55.9383783,-3.1892855
"Helicos Biosciences",NA,NA
"Kyushu University",33.6707768,130.4444986
"National Institute of Advanced Industrial Science Technology Aist",NA,NA
"National Tsing Hua University",24.7916987,120.9924295
"Rosetta Inpharmatics",NA,NA
"Uppsala University",59.8576363,17.6294616
"University of Bonn",50.7338124,7.1022465
"Beijing Institute of Genomics",NA,NA
"KU Leuven",50.8057129,3.2915374
"KU Leuven",50.8057129,3.2915374
"National Institute of Biological Sciences Beijing",40.0956957,116.2712863
"Fujita Health University",35.0708533,137.0004253
"University of Kansas Medical Center",39.0571097,-94.6095438
"Riken Tsukuba Institute",NA,NA
"Osaka Prefecture University",34.4139318,135.3031836
"Institut Pasteur De Lille",50.6281931,3.0748572
"Asuragen Inc",NA,NA
"Memorial University of Newfoundland",47.5732831,-52.7351911
"University of Florence",34.824923,-87.6906528
"University of New Mexico",35.0866328,-106.6202094
"Dartmouth Medical School",43.7079268,-72.2845337
"Cold Spring Harbor Laboratory",40.8623522,-73.4699926
"Koch Institute",52.5272588,13.3784597
"University of Guelph",43.5327864,-80.2249974
"Suny University at Albany",NA,NA
"Hospital a c Camargo",32.5140548,-117.0310965
"Korea Institute of Oriental Medicine",NA,NA
"Universitetet i Tromso",69.6813216,18.9740425
"Inserm Cea",NA,NA
"Hci Helmholtz Centre for Infection Research",NA,NA
"Nibr",59.9211819,10.7363556
"King's College London",51.5030855,-0.0900021
"Escola De Vetreinaria Da Universidade Federal De Minas Gerais",NA,NA
"Best Institute",61.5629026,-149.2561465
"Ontario Cancer Institute",44.2239663,-76.4911796
"Memorial Sloan Kettering Cancer Center",40.7644418,-73.9569549
"University of Eastern Finland",62.6043509,29.7422326
"Institute of Pharmacology",50.4603306,30.4365142
"Seattle Biomedical Research Institute",NA,NA
"Applied Biosystems",37.6453971,-121.8843768
"National Center for Child Health and Development",NA,NA
"Jivan Biologics Inc",NA,NA
"Medical College of Georgia",33.4706616,-81.9889321
"Canada s Michael Smith Genome Sciences Centre",NA,NA
"Institute for Molecular Bioscience Uni of Qld",NA,NA
"Lynx Therapeutics Inc",NA,NA
"Sorbonne University",48.8468997,2.3574487
"Rosetta Genomics Ltd",NA,NA
"Memorial Sloan Kettering Cancer Center",40.7644418,-73.9569549
"Enh Research Institute",NA,NA
"Solexa",NA,NA
"Merck",50.6273296,2.1141079
"Rosetta Inpharmatics",NA,NA
